<?xml version='1.0' encoding='utf-8' standalone='yes' ?>
<map>
    <string name="prev_event_name">login_page_viewed</string>
    <long name="prev_event_timestamp" value="1756798969750" />
    <int name="appsFlyerInAppEventCount" value="3" />
    <long name="prev_session_dur" value="5" />
    <boolean name="ddl_sent" value="true" />
    <long name="af_rc_max_age" value="86400" />
    <string name="sentSuccessfully">true</string>
    <string name="af_remote_config">eyJmZWF0dXJlcyI6e30sInZlciI6ImRlZmF1bHQudjEuMTYzNzE0OTUyOSJ9</string>
    <int name="versionCode" value="50005" />
    <string name="savedProperties">{&quot;uid&quot;:&quot;1756798831862-9192918920911153289&quot;,&quot;logLevel&quot;:&quot;0&quot;}</string>
    <string name="AF_INSTALLATION">1756798831862-9192918920911153289</string>
    <boolean name="afUninstallToken_queued" value="false" />
    <int name="appsFlyerCount" value="4" />
    <long name="af_rc_timestamp" value="1756798832325" />
    <long name="AppsFlyerTimePassedSincePrevLaunch" value="1756798969770" />
    <boolean name="newGPReferrerSent" value="true" />
    <string name="appsFlyerFirstInstall">2025-09-02_131032+0530</string>
    <string name="attributionId">{&quot;install_time&quot;:&quot;2025-09-02 07:40:38.828&quot;,&quot;af_message&quot;:&quot;organic install&quot;,&quot;af_status&quot;:&quot;Organic&quot;,&quot;is_first_launch&quot;:false}</string>
</map>
