<?xml version='1.0' encoding='utf-8' standalone='yes' ?>
<map>
    <boolean name="allow_remote_dynamite" value="true" />
    <string name="app_instance_id">c1de2a664475151c7fea4419bac84ff8</string>
    <string name="gmp_app_id">1:850220037081:android:b8207ac4075b5e11275fc8</string>
    <boolean name="has_been_opened" value="true" />
    <boolean name="deep_link_retrieval_complete" value="true" />
    <long name="first_open_time" value="1750212426737" />
    <long name="deep_link_retrieval_attempts" value="1" />
    <boolean name="deferred_analytics_collection" value="false" />
    <boolean name="use_service" value="true" />
    <long name="session_id" value="1753495375" />
    <boolean name="app_backgrounded" value="true" />
    <long name="health_monitor:start" value="1753495375343" />
    <long name="last_pause_time" value="1753495384705" />
    <boolean name="measurement_enabled" value="true" />
    <boolean name="start_new_session" value="false" />
    <string name="previous_os_version">7.1.2</string>
    <boolean name="measurement_enabled_from_api" value="true" />
</map>
