<?xml version='1.0' encoding='utf-8' standalone='yes' ?>
<map>
    <long name="com.facebook.appevents.SessionInfo.sessionStartTime" value="1753495377562" />
    <int name="com.encdata.missl.classes.originalInstallVersionCode" value="5030904" />
    <int name="com.facebook.appevents.SessionInfo.interruptionCount" value="0" />
    <long name="com.encdata.missl.classes.cloneTimestamp" value="1753010581263" />
    <long name="com.facebook.appevents.SessionInfo.sessionEndTime" value="1753495384685" />
    <int name="showTime" value="1" />
    <string name="com.facebook.appevents.SessionInfo.sessionId">edae97c1-5939-431e-85c0-98fa4630e110</string>
</map>
