<?xml version='1.0' encoding='utf-8' standalone='yes' ?>
<map>
    <long name="com.facebook.appevents.SessionInfo.sessionStartTime" value="1759854631776" />
    <long name="com.facebook.appevents.SessionInfo.sessionEndTime" value="1759854639803" />
    <boolean name="bg_startup_tracing" value="false" />
    <int name="com.facebook.appevents.SessionInfo.interruptionCount" value="1" />
    <int name="com.Teamx.appcloner.classes.originalInstallVersionCode" value="5050002" />
    <long name="com.Teamx.appcloner.classes.cloneTimestamp" value="1758534153042" />
    <string name="com.facebook.appevents.SessionInfo.sessionId">ca8d89de-a1c7-42c7-b840-5cb94a7e0d53</string>
</map>
