<?xml version='1.0' encoding='utf-8' standalone='yes' ?>
<map>
    <int name="kitsBitmask" value="439" />
    <string name="PCKGCHKSUM;Lattest As U Know 😎">7e2bb9ad299b3f59159c7c6d805dadc8</string>
    <string name="PCKGCHKSUM;99999">ee477a976b95559b261304284624696e</string>
    <boolean name="is_referrer_updated" value="true" />
    <string name="anonymousAppDeviceGUID">XZ235191a2-2cb6-4875-aad0-e4b97dec4acb</string>
    <string name="PCKGCHKSUM;5.1.4">7574f304e00a31fdf9aecde9ff1c456c</string>
    <string name="PCKGCHKSUM;5.0.5">ab61911a661312918c1b8fc8d638029b</string>
    <string name="PCKGCHKSUM;5.4.0">a147deecadeb0e9f5219c98919401447</string>
</map>
