<?xml version='1.0' encoding='utf-8' standalone='yes' ?>
<map>
    <long name="last_config_sync_time" value="1753495377602" />
    <set name="sent_activity_list">
        <string>in.juspay.hypersdk.core.CustomtabActivity</string>
        <string>com.google.android.gms.ads.NotificationHandlerActivity</string>
        <string>com.android.billingclient.api.ProxyBillingActivity</string>
        <string>com.moengage.pushbase.activities.PushTracker</string>
        <string>com.moengage.pushbase.activities.PushClickDialogTracker</string>
        <string>com.google.firebase.auth.internal.GenericIdpActivity</string>
        <string>com.google.android.gms.auth.api.signin.internal.SignInHubActivity</string>
        <string>androidx.compose.ui.tooling.PreviewActivity</string>
        <string>com.facebook.FacebookActivity</string>
        <string>com.google.firebase.auth.internal.RecaptchaActivity</string>
        <string>com.moengage.sdk.debugger.MoEDebuggerActivity</string>
        <string>com.vlv.aravali.stories.ui.LookBackActivity</string>
        <string>com.vlv.aravali.payments.ui.activity.PauseSubscriptionActivity</string>
        <string>com.vlv.aravali.coins.ui.activities.CoinsPaymentActivity</string>
        <string>com.moengage.hms.pushkit.PushClickTracker</string>
        <string>com.vlv.aravali.payments.juspay.ui.JuspayPaymentActivity</string>
        <string>com.vlv.aravali.payments.ui.SubsCancellationActivity</string>
        <string>com.vlv.aravali.views.activities.WebViewActivity</string>
        <string>com.vlv.aravali.settings.ui.AccountVerificationActivity</string>
        <string>in.juspay.hypernfc.NfcActivity</string>
        <string>com.vlv.aravali.reels.view.ReelsTrailerActivity</string>
        <string>easypay.appinvoke.AnalyticsManagerInfoDisplayActivity</string>
        <string>com.vlv.aravali.notes.ui.activities.AddEditNoteActivity</string>
        <string>com.facebook.CustomTabMainActivity</string>
        <string>com.vlv.aravali.reviewSubmit.activities.ReviewSubmitActivityV2</string>
        <string>com.moengage.inbox.ui.view.InboxActivity</string>
        <string>com.paytm.pgsdk.AioMatchUserActivity</string>
        <string>com.google.android.gms.common.api.GoogleApiActivity</string>
        <string>com.canhub.cropper.CropImageActivity</string>
        <string>com.moengage.inapp.internal.activity.MoEInAppActivity</string>
        <string>com.encdata.missl.classes.DefaultProvider$MyActivity</string>
        <string>com.vlv.aravali.views.activities.SplashActivity</string>
        <string>com.encdata.missl.classes.FakeCamera$FakeCameraActivity</string>
        <string>com.vlv.aravali.playerMedia3.ui.PlayerActivity</string>
        <string>com.vlv.aravali.onboarding.ui.OnboardingActivity</string>
        <string>com.vlv.aravali.reels.view.ReelsActivity</string>
        <string>com.vlv.aravali.payments.ui.PaymentActivity</string>
        <string>com.google.android.gms.ads.OutOfContextTestingActivity</string>
        <string>com.yellowmessenger.ymchat.YellowBotWebViewActivity</string>
        <string>com.paytm.pgsdk.PaytmPGActivity</string>
        <string>com.vlv.aravali.master.ui.MasterActivity</string>
        <string>com.moe.pushlibrary.activities.MoEActivity</string>
        <string>com.vlv.aravali.signup.ui.activities.SignupActivity</string>
        <string>com.vlv.aravali.payments.ui.activity.PaymentFailedActivity</string>
        <string>com.google.android.play.core.common.PlayCoreDialogWrapperActivity</string>
        <string>com.google.android.gms.ads.AdActivity</string>
        <string>com.vlv.aravali.livestream.ui.LiveStreamActivity</string>
        <string>com.vlv.aravali.views.activities.BaseUIActivity</string>
        <string>androidx.credentials.playservices.HiddenActivity</string>
        <string>com.vlv.aravali.premium.PremiumTabParentActivity</string>
        <string>in.juspay.hypersdk.core.CustomtabResult</string>
        <string>com.vlv.aravali.views.activities.ExpandedImageActivity</string>
        <string>com.moengage.cards.ui.CardActivity</string>
        <string>com.android.billingclient.api.ProxyBillingActivityV2</string>
        <string>com.facebook.CustomTabActivity</string>
        <string>com.moengage.pushbase.internal.activity.PermissionActivity</string>
    </set>
    <long name="notification_permission_tracked_time" value="1753495377530" />
    <string name="core_debugger_log_config">{&quot;logLevel&quot;:0,&quot;isLoggingEnabled&quot;:false,&quot;expiryTime&quot;:-1}</string>
    <long name="inapp_api_sync_delay" value="900" />
    <boolean name="pref_installed" value="true" />
    <long name="events_batch_number" value="16" />
    <string name="core_moengage_environment">DEFAULT</string>
    <long name="inapp_last_sync_time" value="1753495377" />
    <long name="in_app_global_delay" value="900" />
    <int name="appVersion" value="50104" />
    <long name="last_event_sync_time" value="1753495388751" />
    <boolean name="has_registered_for_verification" value="false" />
    <boolean name="is_device_registered" value="true" />
    <long name="inapp_html_assets_delete_time" value="1753495377" />
    <string name="user_attribute_unique_id">188443841</string>
    <string name="APP_UUID">b2ba4664-7e21-48d5-8582-3d879e5c2b09</string>
    <string name="registration_id">cohR5F4xTY27C4uCZyPu7a:APA91bF41mecrZczd17OM3zMrY9uO6DTwiaiGtZYcuWnLTVrUud-vWoByOdk3iGl0XRFnZcPfuTGrb9160rOOtRBxLKSVdSxaYK7pi_hQ990y2LGGwYg7P0</string>
    <string name="user_session">{&quot;session_id&quot;:&quot;330b2c4c-facb-4ed9-9d68-195d3074b8f5&quot;,&quot;start_time&quot;:&quot;2025-07-26T02:02:57.475Z&quot;,&quot;last_interaction_time&quot;:1753495385399}</string>
</map>
