{"Fid":"clOYdiPfQNuqlsd-h71jFo","Status":3,"AuthToken":"eyJhbGciOiJFUzI1NiIsInR5cCI6IkpXVCJ9.eyJhcHBJZCI6IjE6ODUwMjIwMDM3MDgxOmFuZHJvaWQ6YjgyMDdhYzQwNzViNWUxMTI3NWZjOCIsImV4cCI6MTc1ODAwMDQ1NiwiZmlkIjoiY2xPWWRpUGZRTnVxbHNkLWg3MWpGbyIsInByb2plY3ROdW1iZXIiOjg1MDIyMDAzNzA4MX0.AB2LPV8wRQIhALJU5impMDK05y2vGmNCF1oth5JAR3y8S9hWKqfYCsO1AiBuOAnGEeHdE1LyZhpKc4o5eabTtCZpGgxlsekrlc7zYw","RefreshToken":"3_AS3qfwIG_MRRWiCK1lDNdDgCfR7sDZxEyC36OAMidWsJlZJcDwOMYkAv-aPr-G6QMJFPrRpYwPOca7gjz0WDOKPI_Ys0LSwHbjxJbotRTda_PQ","TokenCreationEpochInSecs":1757395656,"ExpiresInSecs":604800}