{"Fid":"cohR5F4xTY27C4uCZyPu7a","Status":3,"AuthToken":"eyJhbGciOiJFUzI1NiIsInR5cCI6IkpXVCJ9.eyJhcHBJZCI6IjE6ODUwMjIwMDM3MDgxOmFuZHJvaWQ6YjgyMDdhYzQwNzViNWUxMTI3NWZjOCIsImV4cCI6MTc1MzYxNDExNCwiZmlkIjoiY29oUjVGNHhUWTI3QzR1Q1p5UHU3YSIsInByb2plY3ROdW1iZXIiOjg1MDIyMDAzNzA4MX0.AB2LPV8wRQIgYz7tHE6nTcBWhubc92WrhAiXmiWNKCVAZdAUOkmvcBICIQDzuH88qCDtwTp20qvrwaGi5BcXvMHtKOwQIOi8KKaKVg","RefreshToken":"3_AS3qfwI98AfxOmSbbsusy4B5vFW9eicB4XFRTtIUpvXLP1o1y8P-v6MCm20Uf4FDGIJstBwG543dtDgm-uNfbbLfoTcq6RcePp-feO-iOrUDf8M","TokenCreationEpochInSecs":1753009314,"ExpiresInSecs":604800}