{"Fid":"exSbe14gQmaBkv-2Rmt-gg","Status":3,"AuthToken":"eyJhbGciOiJFUzI1NiIsInR5cCI6IkpXVCJ9.eyJhcHBJZCI6IjE6ODUwMjIwMDM3MDgxOmFuZHJvaWQ6YjgyMDdhYzQwNzViNWUxMTI3NWZjOCIsImV4cCI6MTc2MDU4MDc2NiwiZmlkIjoiZXhTYmUxNGdRbWFCa3YtMlJtdC1nZyIsInByb2plY3ROdW1iZXIiOjg1MDIyMDAzNzA4MX0.AB2LPV8wRQIgV1aGr014wJ_i-7wftJ2-1s0L4Dskc3qf12aEnTRvjPMCIQCZtELQoLApLpcEwcAU5Ilr-fvJMZmyJpy-lDyCexdrmA","RefreshToken":"3_AS3qfwK9wzstt4Jgk4rnp7wly2CendCDaG34HXGV_Ln6h-Arn9epaH_RQeoADqKE3ZByYGGRDBYg6SneWc9SnDcjuLKVamfmKOYF0BwroQAPwF0","TokenCreationEpochInSecs":1759975965,"ExpiresInSecs":604800}