{"Fid":"eoqkzGlsTy2Yq_hE19PkYZ","Status":3,"AuthToken":"eyJhbGciOiJFUzI1NiIsInR5cCI6IkpXVCJ9.eyJhcHBJZCI6IjE6ODUwMjIwMDM3MDgxOmFuZHJvaWQ6YjgyMDdhYzQwNzViNWUxMTI3NWZjOCIsImV4cCI6MTc1NzQwMzYzMiwiZmlkIjoiZW9xa3pHbHNUeTJZcV9oRTE5UGtZWiIsInByb2plY3ROdW1iZXIiOjg1MDIyMDAzNzA4MX0.AB2LPV8wRAIgbABrTpAk4nYcZPcRYmQEz6vlW6wkbZjTWlAXKCLTooICIATOrbrhiGjMDIojGSuOWnlcdL2seWtD-VlyPJv7SH0U","RefreshToken":"3_AS3qfwLOdHY1drMvHFC8zvbt_5Q5GW3fuCyOd3kozuoFMCq7-bA6dS07-X5XLYotmgtx1PxDwKBOddWPv5UsfGNK_fOISHCuaVWyHX2IRe1mUGg","TokenCreationEpochInSecs":1756798832,"ExpiresInSecs":604800}