<?xml version='1.0' encoding='utf-8' standalone='yes' ?>
<map>
    <long name="com.rzmod.Raj.classes.cloneTimestamp" value="1760293641221" />
    <long name="com.facebook.appevents.SessionInfo.sessionStartTime" value="1760334341756" />
    <long name="com.facebook.appevents.SessionInfo.sessionEndTime" value="1760334357967" />
    <boolean name="bg_startup_tracing" value="false" />
    <int name="com.facebook.appevents.SessionInfo.interruptionCount" value="1" />
    <int name="com.rzmod.Raj.classes.originalInstallVersionCode" value="5040900" />
    <string name="com.facebook.appevents.SessionInfo.sessionId">946185ad-a006-474d-952c-5d1cfbdfdfea</string>
</map>
